date,keyword,category_id,value,geo,timeframe,fetched_at
2025-04-20,irodai számítógép,computers,0,HU,today 12-m,2026-04-26T12:45:18+00:00
2025-04-27,irodai számítógép,computers,0,HU,today 12-m,2026-04-26T12:45:18+00:00
2025-05-04,irodai számítógép,computers,0,HU,today 12-m,2026-04-26T12:45:18+00:00
2025-05-11,irodai számítógép,computers,0,HU,today 12-m,2026-04-26T12:45:18+00:00
2025-05-18,irodai számítógép,computers,0,HU,today 12-m,2026-04-26T12:45:18+00:00
2025-05-25,irodai számítógép,computers,0,HU,today 12-m,2026-04-26T12:45:18+00:00
2025-06-01,irodai számítógép,computers,0,HU,today 12-m,2026-04-26T12:45:18+00:00
2025-06-08,irodai számítógép,computers,0,HU,today 12-m,2026-04-26T12:45:18+00:00
2025-06-15,irodai számítógép,computers,0,HU,today 12-m,2026-04-26T12:45:18+00:00
2025-06-22,irodai számítógép,computers,0,HU,today 12-m,2026-04-26T12:45:18+00:00
2025-06-29,irodai számítógép,computers,0,HU,today 12-m,2026-04-26T12:45:18+00:00
2025-07-06,irodai számítógép,computers,0,HU,today 12-m,2026-04-26T12:45:18+00:00
2025-07-13,irodai számítógép,computers,0,HU,today 12-m,2026-04-26T12:45:18+00:00
2025-07-20,irodai számítógép,computers,0,HU,today 12-m,2026-04-26T12:45:18+00:00
2025-07-27,irodai számítógép,computers,0,HU,today 12-m,2026-04-26T12:45:18+00:00
2025-08-03,irodai számítógép,computers,0,HU,today 12-m,2026-04-26T12:45:18+00:00
2025-08-10,irodai számítógép,computers,0,HU,today 12-m,2026-04-26T12:45:18+00:00
2025-08-17,irodai számítógép,computers,0,HU,today 12-m,2026-04-26T12:45:18+00:00
2025-08-24,irodai számítógép,computers,0,HU,today 12-m,2026-04-26T12:45:18+00:00
2025-08-31,irodai számítógép,computers,0,HU,today 12-m,2026-04-26T12:45:18+00:00
2025-09-07,irodai számítógép,computers,0,HU,today 12-m,2026-04-26T12:45:18+00:00
2025-09-14,irodai számítógép,computers,0,HU,today 12-m,2026-04-26T12:45:18+00:00
2025-09-21,irodai számítógép,computers,0,HU,today 12-m,2026-04-26T12:45:18+00:00
2025-09-28,irodai számítógép,computers,0,HU,today 12-m,2026-04-26T12:45:18+00:00
2025-10-05,irodai számítógép,computers,0,HU,today 12-m,2026-04-26T12:45:18+00:00
2025-10-12,irodai számítógép,computers,0,HU,today 12-m,2026-04-26T12:45:18+00:00
2025-10-19,irodai számítógép,computers,0,HU,today 12-m,2026-04-26T12:45:18+00:00
2025-10-26,irodai számítógép,computers,0,HU,today 12-m,2026-04-26T12:45:18+00:00
2025-11-02,irodai számítógép,computers,0,HU,today 12-m,2026-04-26T12:45:18+00:00
2025-11-09,irodai számítógép,computers,0,HU,today 12-m,2026-04-26T12:45:18+00:00
2025-11-16,irodai számítógép,computers,0,HU,today 12-m,2026-04-26T12:45:18+00:00
2025-11-23,irodai számítógép,computers,0,HU,today 12-m,2026-04-26T12:45:18+00:00
2025-11-30,irodai számítógép,computers,0,HU,today 12-m,2026-04-26T12:45:18+00:00
2025-12-07,irodai számítógép,computers,0,HU,today 12-m,2026-04-26T12:45:18+00:00
2025-12-14,irodai számítógép,computers,0,HU,today 12-m,2026-04-26T12:45:18+00:00
2025-12-21,irodai számítógép,computers,0,HU,today 12-m,2026-04-26T12:45:18+00:00
2025-12-28,irodai számítógép,computers,0,HU,today 12-m,2026-04-26T12:45:18+00:00
2026-01-04,irodai számítógép,computers,0,HU,today 12-m,2026-04-26T12:45:18+00:00
2026-01-11,irodai számítógép,computers,0,HU,today 12-m,2026-04-26T12:45:18+00:00
2026-01-18,irodai számítógép,computers,0,HU,today 12-m,2026-04-26T12:45:18+00:00
2026-01-25,irodai számítógép,computers,0,HU,today 12-m,2026-04-26T12:45:18+00:00
2026-02-01,irodai számítógép,computers,0,HU,today 12-m,2026-04-26T12:45:18+00:00
2026-02-08,irodai számítógép,computers,0,HU,today 12-m,2026-04-26T12:45:18+00:00
2026-02-15,irodai számítógép,computers,0,HU,today 12-m,2026-04-26T12:45:18+00:00
2026-02-22,irodai számítógép,computers,0,HU,today 12-m,2026-04-26T12:45:18+00:00
2026-03-01,irodai számítógép,computers,0,HU,today 12-m,2026-04-26T12:45:18+00:00
2026-03-08,irodai számítógép,computers,0,HU,today 12-m,2026-04-26T12:45:18+00:00
2026-03-15,irodai számítógép,computers,0,HU,today 12-m,2026-04-26T12:45:18+00:00
2026-03-22,irodai számítógép,computers,0,HU,today 12-m,2026-04-26T12:45:18+00:00
2026-03-29,irodai számítógép,computers,0,HU,today 12-m,2026-04-26T12:45:18+00:00
2026-04-05,irodai számítógép,computers,0,HU,today 12-m,2026-04-26T12:45:18+00:00
2026-04-12,irodai számítógép,computers,100,HU,today 12-m,2026-04-26T12:45:18+00:00
2026-04-19,irodai számítógép,computers,0,HU,today 12-m,2026-04-26T12:45:18+00:00
2026-04-26,irodai számítógép,computers,0,HU,today 12-m,2026-04-26T12:45:18+00:00
2025-04-20,gamer pc,computers,58,HU,today 12-m,2026-04-26T12:45:31+00:00
2025-04-27,gamer pc,computers,53,HU,today 12-m,2026-04-26T12:45:31+00:00
2025-05-04,gamer pc,computers,47,HU,today 12-m,2026-04-26T12:45:31+00:00
2025-05-11,gamer pc,computers,50,HU,today 12-m,2026-04-26T12:45:31+00:00
2025-05-18,gamer pc,computers,39,HU,today 12-m,2026-04-26T12:45:31+00:00
2025-05-25,gamer pc,computers,26,HU,today 12-m,2026-04-26T12:45:31+00:00
2025-06-01,gamer pc,computers,43,HU,today 12-m,2026-04-26T12:45:31+00:00
2025-06-08,gamer pc,computers,45,HU,today 12-m,2026-04-26T12:45:31+00:00
2025-06-15,gamer pc,computers,46,HU,today 12-m,2026-04-26T12:45:31+00:00
2025-06-22,gamer pc,computers,36,HU,today 12-m,2026-04-26T12:45:31+00:00
2025-06-29,gamer pc,computers,60,HU,today 12-m,2026-04-26T12:45:31+00:00
2025-07-06,gamer pc,computers,47,HU,today 12-m,2026-04-26T12:45:31+00:00
2025-07-13,gamer pc,computers,42,HU,today 12-m,2026-04-26T12:45:31+00:00
2025-07-20,gamer pc,computers,45,HU,today 12-m,2026-04-26T12:45:31+00:00
2025-07-27,gamer pc,computers,50,HU,today 12-m,2026-04-26T12:45:31+00:00
2025-08-03,gamer pc,computers,61,HU,today 12-m,2026-04-26T12:45:31+00:00
2025-08-10,gamer pc,computers,56,HU,today 12-m,2026-04-26T12:45:31+00:00
2025-08-17,gamer pc,computers,61,HU,today 12-m,2026-04-26T12:45:31+00:00
2025-08-24,gamer pc,computers,59,HU,today 12-m,2026-04-26T12:45:31+00:00
2025-08-31,gamer pc,computers,52,HU,today 12-m,2026-04-26T12:45:31+00:00
2025-09-07,gamer pc,computers,53,HU,today 12-m,2026-04-26T12:45:31+00:00
2025-09-14,gamer pc,computers,50,HU,today 12-m,2026-04-26T12:45:31+00:00
2025-09-21,gamer pc,computers,45,HU,today 12-m,2026-04-26T12:45:31+00:00
2025-09-28,gamer pc,computers,72,HU,today 12-m,2026-04-26T12:45:31+00:00
2025-10-05,gamer pc,computers,51,HU,today 12-m,2026-04-26T12:45:31+00:00
2025-10-12,gamer pc,computers,66,HU,today 12-m,2026-04-26T12:45:31+00:00
2025-10-19,gamer pc,computers,55,HU,today 12-m,2026-04-26T12:45:31+00:00
2025-10-26,gamer pc,computers,83,HU,today 12-m,2026-04-26T12:45:31+00:00
2025-11-02,gamer pc,computers,100,HU,today 12-m,2026-04-26T12:45:31+00:00
2025-11-09,gamer pc,computers,89,HU,today 12-m,2026-04-26T12:45:31+00:00
2025-11-16,gamer pc,computers,100,HU,today 12-m,2026-04-26T12:45:31+00:00
2025-11-23,gamer pc,computers,99,HU,today 12-m,2026-04-26T12:45:31+00:00
2025-11-30,gamer pc,computers,84,HU,today 12-m,2026-04-26T12:45:31+00:00
2025-12-07,gamer pc,computers,93,HU,today 12-m,2026-04-26T12:45:31+00:00
2025-12-14,gamer pc,computers,94,HU,today 12-m,2026-04-26T12:45:31+00:00
2025-12-21,gamer pc,computers,89,HU,today 12-m,2026-04-26T12:45:31+00:00
2025-12-28,gamer pc,computers,94,HU,today 12-m,2026-04-26T12:45:31+00:00
2026-01-04,gamer pc,computers,79,HU,today 12-m,2026-04-26T12:45:31+00:00
2026-01-11,gamer pc,computers,59,HU,today 12-m,2026-04-26T12:45:31+00:00
2026-01-18,gamer pc,computers,77,HU,today 12-m,2026-04-26T12:45:31+00:00
2026-01-25,gamer pc,computers,67,HU,today 12-m,2026-04-26T12:45:31+00:00
2026-02-01,gamer pc,computers,54,HU,today 12-m,2026-04-26T12:45:31+00:00
2026-02-08,gamer pc,computers,62,HU,today 12-m,2026-04-26T12:45:31+00:00
2026-02-15,gamer pc,computers,54,HU,today 12-m,2026-04-26T12:45:31+00:00
2026-02-22,gamer pc,computers,63,HU,today 12-m,2026-04-26T12:45:31+00:00
2026-03-01,gamer pc,computers,45,HU,today 12-m,2026-04-26T12:45:31+00:00
2026-03-08,gamer pc,computers,42,HU,today 12-m,2026-04-26T12:45:31+00:00
2026-03-15,gamer pc,computers,42,HU,today 12-m,2026-04-26T12:45:31+00:00
2026-03-22,gamer pc,computers,40,HU,today 12-m,2026-04-26T12:45:31+00:00
2026-03-29,gamer pc,computers,56,HU,today 12-m,2026-04-26T12:45:31+00:00
2026-04-05,gamer pc,computers,47,HU,today 12-m,2026-04-26T12:45:31+00:00
2026-04-12,gamer pc,computers,40,HU,today 12-m,2026-04-26T12:45:31+00:00
2026-04-19,gamer pc,computers,46,HU,today 12-m,2026-04-26T12:45:31+00:00
2026-04-26,gamer pc,computers,46,HU,today 12-m,2026-04-26T12:45:31+00:00
2025-04-20,asztali számítógép,computers,0,HU,today 12-m,2026-04-26T12:45:38+00:00
2025-04-27,asztali számítógép,computers,0,HU,today 12-m,2026-04-26T12:45:38+00:00
2025-05-04,asztali számítógép,computers,0,HU,today 12-m,2026-04-26T12:45:38+00:00
2025-05-11,asztali számítógép,computers,44,HU,today 12-m,2026-04-26T12:45:38+00:00
2025-05-18,asztali számítógép,computers,0,HU,today 12-m,2026-04-26T12:45:38+00:00
2025-05-25,asztali számítógép,computers,0,HU,today 12-m,2026-04-26T12:45:38+00:00
2025-06-01,asztali számítógép,computers,54,HU,today 12-m,2026-04-26T12:45:38+00:00
2025-06-08,asztali számítógép,computers,52,HU,today 12-m,2026-04-26T12:45:38+00:00
2025-06-15,asztali számítógép,computers,53,HU,today 12-m,2026-04-26T12:45:38+00:00
2025-06-22,asztali számítógép,computers,0,HU,today 12-m,2026-04-26T12:45:38+00:00
2025-06-29,asztali számítógép,computers,0,HU,today 12-m,2026-04-26T12:45:38+00:00
2025-07-06,asztali számítógép,computers,0,HU,today 12-m,2026-04-26T12:45:38+00:00
2025-07-13,asztali számítógép,computers,0,HU,today 12-m,2026-04-26T12:45:38+00:00
2025-07-20,asztali számítógép,computers,53,HU,today 12-m,2026-04-26T12:45:38+00:00
2025-07-27,asztali számítógép,computers,47,HU,today 12-m,2026-04-26T12:45:38+00:00
2025-08-03,asztali számítógép,computers,0,HU,today 12-m,2026-04-26T12:45:38+00:00
2025-08-10,asztali számítógép,computers,74,HU,today 12-m,2026-04-26T12:45:38+00:00
2025-08-17,asztali számítógép,computers,0,HU,today 12-m,2026-04-26T12:45:38+00:00
2025-08-24,asztali számítógép,computers,71,HU,today 12-m,2026-04-26T12:45:38+00:00
2025-08-31,asztali számítógép,computers,72,HU,today 12-m,2026-04-26T12:45:38+00:00
2025-09-07,asztali számítógép,computers,0,HU,today 12-m,2026-04-26T12:45:38+00:00
2025-09-14,asztali számítógép,computers,0,HU,today 12-m,2026-04-26T12:45:38+00:00
2025-09-21,asztali számítógép,computers,100,HU,today 12-m,2026-04-26T12:45:38+00:00
2025-09-28,asztali számítógép,computers,0,HU,today 12-m,2026-04-26T12:45:38+00:00
2025-10-05,asztali számítógép,computers,75,HU,today 12-m,2026-04-26T12:45:38+00:00
2025-10-12,asztali számítógép,computers,62,HU,today 12-m,2026-04-26T12:45:38+00:00
2025-10-19,asztali számítógép,computers,75,HU,today 12-m,2026-04-26T12:45:38+00:00
2025-10-26,asztali számítógép,computers,0,HU,today 12-m,2026-04-26T12:45:38+00:00
2025-11-02,asztali számítógép,computers,0,HU,today 12-m,2026-04-26T12:45:38+00:00
2025-11-09,asztali számítógép,computers,49,HU,today 12-m,2026-04-26T12:45:38+00:00
2025-11-16,asztali számítógép,computers,49,HU,today 12-m,2026-04-26T12:45:38+00:00
2025-11-23,asztali számítógép,computers,97,HU,today 12-m,2026-04-26T12:45:38+00:00
2025-11-30,asztali számítógép,computers,78,HU,today 12-m,2026-04-26T12:45:38+00:00
2025-12-07,asztali számítógép,computers,69,HU,today 12-m,2026-04-26T12:45:38+00:00
2025-12-14,asztali számítógép,computers,0,HU,today 12-m,2026-04-26T12:45:38+00:00
2025-12-21,asztali számítógép,computers,0,HU,today 12-m,2026-04-26T12:45:38+00:00
2025-12-28,asztali számítógép,computers,0,HU,today 12-m,2026-04-26T12:45:38+00:00
2026-01-04,asztali számítógép,computers,54,HU,today 12-m,2026-04-26T12:45:38+00:00
2026-01-11,asztali számítógép,computers,52,HU,today 12-m,2026-04-26T12:45:38+00:00
2026-01-18,asztali számítógép,computers,52,HU,today 12-m,2026-04-26T12:45:38+00:00
2026-01-25,asztali számítógép,computers,49,HU,today 12-m,2026-04-26T12:45:38+00:00
2026-02-01,asztali számítógép,computers,45,HU,today 12-m,2026-04-26T12:45:38+00:00
2026-02-08,asztali számítógép,computers,48,HU,today 12-m,2026-04-26T12:45:38+00:00
2026-02-15,asztali számítógép,computers,44,HU,today 12-m,2026-04-26T12:45:38+00:00
2026-02-22,asztali számítógép,computers,0,HU,today 12-m,2026-04-26T12:45:38+00:00
2026-03-01,asztali számítógép,computers,49,HU,today 12-m,2026-04-26T12:45:38+00:00
2026-03-08,asztali számítógép,computers,0,HU,today 12-m,2026-04-26T12:45:38+00:00
2026-03-15,asztali számítógép,computers,51,HU,today 12-m,2026-04-26T12:45:38+00:00
2026-03-22,asztali számítógép,computers,47,HU,today 12-m,2026-04-26T12:45:38+00:00
2026-03-29,asztali számítógép,computers,0,HU,today 12-m,2026-04-26T12:45:38+00:00
2026-04-05,asztali számítógép,computers,0,HU,today 12-m,2026-04-26T12:45:38+00:00
2026-04-12,asztali számítógép,computers,38,HU,today 12-m,2026-04-26T12:45:38+00:00
2026-04-19,asztali számítógép,computers,34,HU,today 12-m,2026-04-26T12:45:38+00:00
2026-04-26,asztali számítógép,computers,0,HU,today 12-m,2026-04-26T12:45:38+00:00
2025-04-20,gaming headset,gaming,41,HU,today 12-m,2026-04-26T12:45:45+00:00
2025-04-27,gaming headset,gaming,0,HU,today 12-m,2026-04-26T12:45:45+00:00
2025-05-04,gaming headset,gaming,0,HU,today 12-m,2026-04-26T12:45:45+00:00
2025-05-11,gaming headset,gaming,0,HU,today 12-m,2026-04-26T12:45:45+00:00
2025-05-18,gaming headset,gaming,0,HU,today 12-m,2026-04-26T12:45:45+00:00
2025-05-25,gaming headset,gaming,0,HU,today 12-m,2026-04-26T12:45:45+00:00
2025-06-01,gaming headset,gaming,0,HU,today 12-m,2026-04-26T12:45:45+00:00
2025-06-08,gaming headset,gaming,0,HU,today 12-m,2026-04-26T12:45:45+00:00
2025-06-15,gaming headset,gaming,0,HU,today 12-m,2026-04-26T12:45:45+00:00
2025-06-22,gaming headset,gaming,0,HU,today 12-m,2026-04-26T12:45:45+00:00
2025-06-29,gaming headset,gaming,0,HU,today 12-m,2026-04-26T12:45:45+00:00
2025-07-06,gaming headset,gaming,0,HU,today 12-m,2026-04-26T12:45:45+00:00
2025-07-13,gaming headset,gaming,51,HU,today 12-m,2026-04-26T12:45:45+00:00
2025-07-20,gaming headset,gaming,0,HU,today 12-m,2026-04-26T12:45:45+00:00
2025-07-27,gaming headset,gaming,52,HU,today 12-m,2026-04-26T12:45:45+00:00
2025-08-03,gaming headset,gaming,0,HU,today 12-m,2026-04-26T12:45:45+00:00
2025-08-10,gaming headset,gaming,52,HU,today 12-m,2026-04-26T12:45:45+00:00
2025-08-17,gaming headset,gaming,0,HU,today 12-m,2026-04-26T12:45:45+00:00
2025-08-24,gaming headset,gaming,0,HU,today 12-m,2026-04-26T12:45:45+00:00
2025-08-31,gaming headset,gaming,43,HU,today 12-m,2026-04-26T12:45:45+00:00
2025-09-07,gaming headset,gaming,0,HU,today 12-m,2026-04-26T12:45:45+00:00
2025-09-14,gaming headset,gaming,0,HU,today 12-m,2026-04-26T12:45:45+00:00
2025-09-21,gaming headset,gaming,0,HU,today 12-m,2026-04-26T12:45:45+00:00
2025-09-28,gaming headset,gaming,61,HU,today 12-m,2026-04-26T12:45:45+00:00
2025-10-05,gaming headset,gaming,0,HU,today 12-m,2026-04-26T12:45:45+00:00
2025-10-12,gaming headset,gaming,39,HU,today 12-m,2026-04-26T12:45:45+00:00
2025-10-19,gaming headset,gaming,42,HU,today 12-m,2026-04-26T12:45:45+00:00
2025-10-26,gaming headset,gaming,40,HU,today 12-m,2026-04-26T12:45:45+00:00
2025-11-02,gaming headset,gaming,68,HU,today 12-m,2026-04-26T12:45:45+00:00
2025-11-09,gaming headset,gaming,90,HU,today 12-m,2026-04-26T12:45:45+00:00
2025-11-16,gaming headset,gaming,68,HU,today 12-m,2026-04-26T12:45:45+00:00
2025-11-23,gaming headset,gaming,100,HU,today 12-m,2026-04-26T12:45:45+00:00
2025-11-30,gaming headset,gaming,81,HU,today 12-m,2026-04-26T12:45:45+00:00
2025-12-07,gaming headset,gaming,83,HU,today 12-m,2026-04-26T12:45:45+00:00
2025-12-14,gaming headset,gaming,55,HU,today 12-m,2026-04-26T12:45:45+00:00
2025-12-21,gaming headset,gaming,59,HU,today 12-m,2026-04-26T12:45:45+00:00
2025-12-28,gaming headset,gaming,58,HU,today 12-m,2026-04-26T12:45:45+00:00
2026-01-04,gaming headset,gaming,63,HU,today 12-m,2026-04-26T12:45:45+00:00
2026-01-11,gaming headset,gaming,55,HU,today 12-m,2026-04-26T12:45:45+00:00
2026-01-18,gaming headset,gaming,47,HU,today 12-m,2026-04-26T12:45:45+00:00
2026-01-25,gaming headset,gaming,47,HU,today 12-m,2026-04-26T12:45:45+00:00
2026-02-01,gaming headset,gaming,0,HU,today 12-m,2026-04-26T12:45:45+00:00
2026-02-08,gaming headset,gaming,67,HU,today 12-m,2026-04-26T12:45:45+00:00
2026-02-15,gaming headset,gaming,37,HU,today 12-m,2026-04-26T12:45:45+00:00
2026-02-22,gaming headset,gaming,49,HU,today 12-m,2026-04-26T12:45:45+00:00
2026-03-01,gaming headset,gaming,52,HU,today 12-m,2026-04-26T12:45:45+00:00
2026-03-08,gaming headset,gaming,0,HU,today 12-m,2026-04-26T12:45:45+00:00
2026-03-15,gaming headset,gaming,0,HU,today 12-m,2026-04-26T12:45:45+00:00
2026-03-22,gaming headset,gaming,0,HU,today 12-m,2026-04-26T12:45:45+00:00
2026-03-29,gaming headset,gaming,0,HU,today 12-m,2026-04-26T12:45:45+00:00
2026-04-05,gaming headset,gaming,56,HU,today 12-m,2026-04-26T12:45:45+00:00
2026-04-12,gaming headset,gaming,22,HU,today 12-m,2026-04-26T12:45:45+00:00
2026-04-19,gaming headset,gaming,25,HU,today 12-m,2026-04-26T12:45:45+00:00
2026-04-26,gaming headset,gaming,0,HU,today 12-m,2026-04-26T12:45:45+00:00
2025-04-20,gaming szék,gaming,0,HU,today 12-m,2026-04-26T12:45:55+00:00
2025-04-27,gaming szék,gaming,0,HU,today 12-m,2026-04-26T12:45:55+00:00
2025-05-04,gaming szék,gaming,0,HU,today 12-m,2026-04-26T12:45:55+00:00
2025-05-11,gaming szék,gaming,0,HU,today 12-m,2026-04-26T12:45:55+00:00
2025-05-18,gaming szék,gaming,0,HU,today 12-m,2026-04-26T12:45:55+00:00
2025-05-25,gaming szék,gaming,0,HU,today 12-m,2026-04-26T12:45:55+00:00
2025-06-01,gaming szék,gaming,0,HU,today 12-m,2026-04-26T12:45:55+00:00
2025-06-08,gaming szék,gaming,0,HU,today 12-m,2026-04-26T12:45:55+00:00
2025-06-15,gaming szék,gaming,0,HU,today 12-m,2026-04-26T12:45:55+00:00
2025-06-22,gaming szék,gaming,0,HU,today 12-m,2026-04-26T12:45:55+00:00
2025-06-29,gaming szék,gaming,0,HU,today 12-m,2026-04-26T12:45:55+00:00
2025-07-06,gaming szék,gaming,100,HU,today 12-m,2026-04-26T12:45:55+00:00
2025-07-13,gaming szék,gaming,0,HU,today 12-m,2026-04-26T12:45:55+00:00
2025-07-20,gaming szék,gaming,0,HU,today 12-m,2026-04-26T12:45:55+00:00
2025-07-27,gaming szék,gaming,0,HU,today 12-m,2026-04-26T12:45:55+00:00
2025-08-03,gaming szék,gaming,0,HU,today 12-m,2026-04-26T12:45:55+00:00
2025-08-10,gaming szék,gaming,0,HU,today 12-m,2026-04-26T12:45:55+00:00
2025-08-17,gaming szék,gaming,0,HU,today 12-m,2026-04-26T12:45:55+00:00
2025-08-24,gaming szék,gaming,0,HU,today 12-m,2026-04-26T12:45:55+00:00
2025-08-31,gaming szék,gaming,0,HU,today 12-m,2026-04-26T12:45:55+00:00
2025-09-07,gaming szék,gaming,0,HU,today 12-m,2026-04-26T12:45:55+00:00
2025-09-14,gaming szék,gaming,0,HU,today 12-m,2026-04-26T12:45:55+00:00
2025-09-21,gaming szék,gaming,0,HU,today 12-m,2026-04-26T12:45:55+00:00
2025-09-28,gaming szék,gaming,0,HU,today 12-m,2026-04-26T12:45:55+00:00
2025-10-05,gaming szék,gaming,0,HU,today 12-m,2026-04-26T12:45:55+00:00
2025-10-12,gaming szék,gaming,0,HU,today 12-m,2026-04-26T12:45:55+00:00
2025-10-19,gaming szék,gaming,0,HU,today 12-m,2026-04-26T12:45:55+00:00
2025-10-26,gaming szék,gaming,0,HU,today 12-m,2026-04-26T12:45:55+00:00
2025-11-02,gaming szék,gaming,0,HU,today 12-m,2026-04-26T12:45:55+00:00
2025-11-09,gaming szék,gaming,0,HU,today 12-m,2026-04-26T12:45:55+00:00
2025-11-16,gaming szék,gaming,0,HU,today 12-m,2026-04-26T12:45:55+00:00
2025-11-23,gaming szék,gaming,0,HU,today 12-m,2026-04-26T12:45:55+00:00
2025-11-30,gaming szék,gaming,0,HU,today 12-m,2026-04-26T12:45:55+00:00
2025-12-07,gaming szék,gaming,0,HU,today 12-m,2026-04-26T12:45:55+00:00
2025-12-14,gaming szék,gaming,0,HU,today 12-m,2026-04-26T12:45:55+00:00
2025-12-21,gaming szék,gaming,0,HU,today 12-m,2026-04-26T12:45:55+00:00
2025-12-28,gaming szék,gaming,0,HU,today 12-m,2026-04-26T12:45:55+00:00
2026-01-04,gaming szék,gaming,0,HU,today 12-m,2026-04-26T12:45:55+00:00
2026-01-11,gaming szék,gaming,0,HU,today 12-m,2026-04-26T12:45:55+00:00
2026-01-18,gaming szék,gaming,0,HU,today 12-m,2026-04-26T12:45:55+00:00
2026-01-25,gaming szék,gaming,0,HU,today 12-m,2026-04-26T12:45:55+00:00
2026-02-01,gaming szék,gaming,0,HU,today 12-m,2026-04-26T12:45:55+00:00
2026-02-08,gaming szék,gaming,0,HU,today 12-m,2026-04-26T12:45:55+00:00
2026-02-15,gaming szék,gaming,0,HU,today 12-m,2026-04-26T12:45:55+00:00
2026-02-22,gaming szék,gaming,0,HU,today 12-m,2026-04-26T12:45:55+00:00
2026-03-01,gaming szék,gaming,0,HU,today 12-m,2026-04-26T12:45:55+00:00
2026-03-08,gaming szék,gaming,0,HU,today 12-m,2026-04-26T12:45:55+00:00
2026-03-15,gaming szék,gaming,0,HU,today 12-m,2026-04-26T12:45:55+00:00
2026-03-22,gaming szék,gaming,0,HU,today 12-m,2026-04-26T12:45:55+00:00
2026-03-29,gaming szék,gaming,0,HU,today 12-m,2026-04-26T12:45:55+00:00
2026-04-05,gaming szék,gaming,0,HU,today 12-m,2026-04-26T12:45:55+00:00
2026-04-12,gaming szék,gaming,8,HU,today 12-m,2026-04-26T12:45:55+00:00
2026-04-19,gaming szék,gaming,14,HU,today 12-m,2026-04-26T12:45:55+00:00
2026-04-26,gaming szék,gaming,0,HU,today 12-m,2026-04-26T12:45:55+00:00
2025-04-20,gaming asztal,gaming,0,HU,today 12-m,2026-04-26T12:46:06+00:00
2025-04-27,gaming asztal,gaming,0,HU,today 12-m,2026-04-26T12:46:06+00:00
2025-05-04,gaming asztal,gaming,0,HU,today 12-m,2026-04-26T12:46:06+00:00
2025-05-11,gaming asztal,gaming,0,HU,today 12-m,2026-04-26T12:46:06+00:00
2025-05-18,gaming asztal,gaming,0,HU,today 12-m,2026-04-26T12:46:06+00:00
2025-05-25,gaming asztal,gaming,0,HU,today 12-m,2026-04-26T12:46:06+00:00
2025-06-01,gaming asztal,gaming,0,HU,today 12-m,2026-04-26T12:46:06+00:00
2025-06-08,gaming asztal,gaming,0,HU,today 12-m,2026-04-26T12:46:06+00:00
2025-06-15,gaming asztal,gaming,0,HU,today 12-m,2026-04-26T12:46:06+00:00
2025-06-22,gaming asztal,gaming,0,HU,today 12-m,2026-04-26T12:46:06+00:00
2025-06-29,gaming asztal,gaming,0,HU,today 12-m,2026-04-26T12:46:06+00:00
2025-07-06,gaming asztal,gaming,0,HU,today 12-m,2026-04-26T12:46:06+00:00
2025-07-13,gaming asztal,gaming,0,HU,today 12-m,2026-04-26T12:46:06+00:00
2025-07-20,gaming asztal,gaming,0,HU,today 12-m,2026-04-26T12:46:06+00:00
2025-07-27,gaming asztal,gaming,0,HU,today 12-m,2026-04-26T12:46:06+00:00
2025-08-03,gaming asztal,gaming,0,HU,today 12-m,2026-04-26T12:46:06+00:00
2025-08-10,gaming asztal,gaming,0,HU,today 12-m,2026-04-26T12:46:06+00:00
2025-08-17,gaming asztal,gaming,0,HU,today 12-m,2026-04-26T12:46:06+00:00
2025-08-24,gaming asztal,gaming,0,HU,today 12-m,2026-04-26T12:46:06+00:00
2025-08-31,gaming asztal,gaming,0,HU,today 12-m,2026-04-26T12:46:06+00:00
2025-09-07,gaming asztal,gaming,0,HU,today 12-m,2026-04-26T12:46:06+00:00
2025-09-14,gaming asztal,gaming,0,HU,today 12-m,2026-04-26T12:46:06+00:00
2025-09-21,gaming asztal,gaming,0,HU,today 12-m,2026-04-26T12:46:06+00:00
2025-09-28,gaming asztal,gaming,0,HU,today 12-m,2026-04-26T12:46:06+00:00
2025-10-05,gaming asztal,gaming,0,HU,today 12-m,2026-04-26T12:46:06+00:00
2025-10-12,gaming asztal,gaming,0,HU,today 12-m,2026-04-26T12:46:06+00:00
2025-10-19,gaming asztal,gaming,0,HU,today 12-m,2026-04-26T12:46:06+00:00
2025-10-26,gaming asztal,gaming,0,HU,today 12-m,2026-04-26T12:46:06+00:00
2025-11-02,gaming asztal,gaming,0,HU,today 12-m,2026-04-26T12:46:06+00:00
2025-11-09,gaming asztal,gaming,0,HU,today 12-m,2026-04-26T12:46:06+00:00
2025-11-16,gaming asztal,gaming,0,HU,today 12-m,2026-04-26T12:46:06+00:00
2025-11-23,gaming asztal,gaming,0,HU,today 12-m,2026-04-26T12:46:06+00:00
2025-11-30,gaming asztal,gaming,0,HU,today 12-m,2026-04-26T12:46:06+00:00
2025-12-07,gaming asztal,gaming,0,HU,today 12-m,2026-04-26T12:46:06+00:00
2025-12-14,gaming asztal,gaming,0,HU,today 12-m,2026-04-26T12:46:06+00:00
2025-12-21,gaming asztal,gaming,0,HU,today 12-m,2026-04-26T12:46:06+00:00
2025-12-28,gaming asztal,gaming,0,HU,today 12-m,2026-04-26T12:46:06+00:00
2026-01-04,gaming asztal,gaming,0,HU,today 12-m,2026-04-26T12:46:06+00:00
2026-01-11,gaming asztal,gaming,0,HU,today 12-m,2026-04-26T12:46:06+00:00
2026-01-18,gaming asztal,gaming,0,HU,today 12-m,2026-04-26T12:46:06+00:00
2026-01-25,gaming asztal,gaming,0,HU,today 12-m,2026-04-26T12:46:06+00:00
2026-02-01,gaming asztal,gaming,0,HU,today 12-m,2026-04-26T12:46:06+00:00
2026-02-08,gaming asztal,gaming,0,HU,today 12-m,2026-04-26T12:46:06+00:00
2026-02-15,gaming asztal,gaming,0,HU,today 12-m,2026-04-26T12:46:06+00:00
2026-02-22,gaming asztal,gaming,0,HU,today 12-m,2026-04-26T12:46:06+00:00
2026-03-01,gaming asztal,gaming,0,HU,today 12-m,2026-04-26T12:46:06+00:00
2026-03-08,gaming asztal,gaming,0,HU,today 12-m,2026-04-26T12:46:06+00:00
2026-03-15,gaming asztal,gaming,0,HU,today 12-m,2026-04-26T12:46:06+00:00
2026-03-22,gaming asztal,gaming,0,HU,today 12-m,2026-04-26T12:46:06+00:00
2026-03-29,gaming asztal,gaming,0,HU,today 12-m,2026-04-26T12:46:06+00:00
2026-04-05,gaming asztal,gaming,0,HU,today 12-m,2026-04-26T12:46:06+00:00
2026-04-12,gaming asztal,gaming,69,HU,today 12-m,2026-04-26T12:46:06+00:00
2026-04-19,gaming asztal,gaming,100,HU,today 12-m,2026-04-26T12:46:06+00:00
2026-04-26,gaming asztal,gaming,0,HU,today 12-m,2026-04-26T12:46:06+00:00
